{
  "test_start": "2023-01-01 00:00:00",
  "horizons": [
    1,
    3,
    6,
    12,
    24,
    48,
    72
  ],
  "quantiles": [
    0.05,
    0.1,
    0.25,
    0.5,
    0.75,
    0.9,
    0.95
  ],
  "bucket_edges": [
    30,
    35,
    40,
    45,
    50,
    55,
    60,
    65,
    70,
    75,
    80,
    85,
    90,
    95,
    100,
    105
  ],
  "horizon_metrics": {
    "1": {
      "n": 28823,
      "mae": 0.8586386187477175,
      "rmse": 1.2330522091424023,
      "bias": 0.04170945991113385,
      "cov80": 0.8539013981889463,
      "width80": 3.118919396790687,
      "mae_persist": 1.2355804985373282,
      "rmse_persist": 1.7662106811724356,
      "mae_clim": 3.4314956665039062,
      "rmse_clim": 4.569274425506592,
      "skill_vs_persist": 0.30507270083643434,
      "skill_vs_clim": 0.7497771519488701,
      "mean_pinball": 0.2571715952782361,
      "pinball_by_q": {
        "q05": 0.12264624903914838,
        "q10": 0.2002770879138791,
        "q25": 0.34687712060271353,
        "q50": 0.42931930937385876,
        "q75": 0.35403957323189483,
        "q90": 0.21473583091803883,
        "q95": 0.13230599586811922
      },
      "coverage_by_q": {
        "q05": 0.038510911424903725,
        "q10": 0.07632793255386323,
        "q25": 0.2496617284807272,
        "q50": 0.522985116053152,
        "q75": 0.815459875793637,
        "q90": 0.9302293307428096,
        "q95": 0.9649585400548173
      }
    },
    "3": {
      "n": 28821,
      "mae": 1.2909923041302873,
      "rmse": 1.7912990464611394,
      "bias": 0.05538651460831087,
      "cov80": 0.8000763332292425,
      "width80": 4.18329214774266,
      "mae_persist": 2.9823092168134178,
      "rmse_persist": 3.906701141137314,
      "mae_clim": 3.4314589500427246,
      "rmse_clim": 4.569313049316406,
      "skill_vs_persist": 0.5671165495341539,
      "skill_vs_clim": 0.6237774302635288,
      "mean_pinball": 0.3803372856946951,
      "pinball_by_q": {
        "q05": 0.1752463628984383,
        "q10": 0.29062576518223027,
        "q25": 0.5118494507572148,
        "q50": 0.6454961520651437,
        "q75": 0.5331807888008079,
        "q90": 0.3128398410109005,
        "q95": 0.19312263914813088
      },
      "coverage_by_q": {
        "q05": 0.057076437320009714,
        "q10": 0.1090524270497207,
        "q25": 0.26910933000242876,
        "q50": 0.5375247215571979,
        "q75": 0.7872384719475383,
        "q90": 0.9091287602789633,
        "q95": 0.9512855209742895
      }
    },
    "6": {
      "n": 28818,
      "mae": 1.6603945132440199,
      "rmse": 2.2758242816153107,
      "bias": -0.0010768021879180602,
      "cov80": 0.7613644250121452,
      "width80": 4.993806698622959,
      "mae_persist": 5.053531826230256,
      "rmse_persist": 6.360403738955016,
      "mae_clim": 3.431276559829712,
      "rmse_clim": 4.569244384765625,
      "skill_vs_persist": 0.6714387936322523,
      "skill_vs_clim": 0.5161000623842392,
      "mean_pinball": 0.48679412122896476,
      "pinball_by_q": {
        "q05": 0.2162990812798886,
        "q10": 0.3623372643399607,
        "q25": 0.6513570847452779,
        "q50": 0.8301972566220099,
        "q75": 0.6910211795091454,
        "q90": 0.4054904153751777,
        "q95": 0.2508565667312934
      },
      "coverage_by_q": {
        "q05": 0.06832535221042405,
        "q10": 0.129988201818308,
        "q25": 0.27812478312166006,
        "q50": 0.5230064542993962,
        "q75": 0.755742938441252,
        "q90": 0.8913526268304532,
        "q95": 0.9397251717676453
      }
    },
    "12": {
      "n": 28812,
      "mae": 2.0327743021265197,
      "rmse": 2.766317178285174,
      "bias": -0.04875541485604409,
      "cov80": 0.7442038039705678,
      "width80": 5.850061365949725,
      "mae_persist": 6.71145799987674,
      "rmse_persist": 8.262600030174193,
      "mae_clim": 3.430690288543701,
      "rmse_clim": 4.568766117095947,
      "skill_vs_persist": 0.6971188224430738,
      "skill_vs_clim": 0.40747367696971126,
      "mean_pinball": 0.5975193271592231,
      "pinball_by_q": {
        "q05": 0.2586064966471742,
        "q10": 0.43036261758057387,
        "q25": 0.780102350788534,
        "q50": 1.0163871510632598,
        "q75": 0.8620732091776824,
        "q90": 0.5135487911388679,
        "q95": 0.32155467371846974
      },
      "coverage_by_q": {
        "q05": 0.07847424684159378,
        "q10": 0.13827571845064557,
        "q25": 0.29255171456337636,
        "q50": 0.5285644870192975,
        "q75": 0.7433361099541858,
        "q90": 0.8824795224212134,
        "q95": 0.929612661391087
      }
    },
    "24": {
      "n": 28800,
      "mae": 2.3494627454581614,
      "rmse": 3.1970832904689868,
      "bias": -0.13047777849757286,
      "cov80": 0.7259375,
      "width80": 6.478674476456452,
      "mae_persist": 2.702574781376734,
      "rmse_persist": 3.7164089161406335,
      "mae_clim": 3.4299919605255127,
      "rmse_clim": 4.568378448486328,
      "skill_vs_persist": 0.13065763743221626,
      "skill_vs_clim": 0.31502383314676996,
      "mean_pinball": 0.6961475052021294,
      "pinball_by_q": {
        "q05": 0.29452241490364356,
        "q10": 0.49804900729747603,
        "q25": 0.9007241691547222,
        "q50": 1.1747313727290807,
        "q75": 1.0047915543961234,
        "q90": 0.6107091743489079,
        "q95": 0.38950484358495135
      },
      "coverage_by_q": {
        "q05": 0.09038194444444445,
        "q10": 0.153125,
        "q25": 0.30635416666666665,
        "q50": 0.5219097222222222,
        "q75": 0.7494097222222222,
        "q90": 0.8790625,
        "q95": 0.9233333333333333
      }
    },
    "48": {
      "n": 28776,
      "mae": 2.7841196660684586,
      "rmse": 3.7741017811390156,
      "bias": -0.0777863865660439,
      "cov80": 0.7041284403669725,
      "width80": 7.302095647801725,
      "mae_persist": 3.3490595785124757,
      "rmse_persist": 4.602796739557176,
      "mae_clim": 3.4312446117401123,
      "rmse_clim": 4.569780349731445,
      "skill_vs_persist": 0.16868613388327414,
      "skill_vs_clim": 0.1885977302397781,
      "mean_pinball": 0.8366118635189376,
      "pinball_by_q": {
        "q05": 0.34075184481564813,
        "q10": 0.5685537793954428,
        "q25": 1.0650100632266053,
        "q50": 1.3920598330342293,
        "q75": 1.2296155667934097,
        "q90": 0.7664568549015313,
        "q95": 0.4938351024656961
      },
      "coverage_by_q": {
        "q05": 0.10522657770364192,
        "q10": 0.1627397831526272,
        "q25": 0.3381637475674173,
        "q50": 0.5412149013066444,
        "q75": 0.7535098693355574,
        "q90": 0.8668682235195997,
        "q95": 0.9128440366972477
      }
    },
    "72": {
      "n": 28752,
      "mae": 3.0047110032119484,
      "rmse": 4.007393764531955,
      "bias": 0.21910708241541024,
      "cov80": 0.6675709515859767,
      "width80": 7.407111370793831,
      "mae_persist": 3.650462978931796,
      "rmse_persist": 4.957641505776221,
      "mae_clim": 3.432494878768921,
      "rmse_clim": 4.571227550506592,
      "skill_vs_persist": 0.1768959114081493,
      "skill_vs_clim": 0.1246276806421337,
      "mean_pinball": 0.8972856587022007,
      "pinball_by_q": {
        "q05": 0.36014183940482525,
        "q10": 0.6373417251658381,
        "q25": 1.1315777844396597,
        "q50": 1.5023555016059742,
        "q75": 1.2980279617835881,
        "q90": 0.8193829095336729,
        "q95": 0.5321718889818461
      },
      "coverage_by_q": {
        "q05": 0.10465358931552587,
        "q10": 0.1994991652754591,
        "q25": 0.345715080690039,
        "q50": 0.5801335559265443,
        "q75": 0.7640511964385086,
        "q90": 0.8670701168614358,
        "q95": 0.9093280467445742
      }
    }
  },
  "bucket_metrics": {
    "1": {
      "log_loss": 0.6236045906342453,
      "brier": 0.25729035941344786,
      "n_buckets": 15,
      "log_loss_clim": 1.3854723773885151,
      "brier_clim": 0.6870013423263854,